source_code,sku,status,quantity
400,9788425359613,1,4
400,9788425360299,1,6
400,9788425360503,1,6
400,9788425361524,1,11
400,9788425428333,1,1
400,9788425432026,1,9
400,9788425439537,1,1
400,9788425442865,1,1
400,9788425447242,1,1
400,9788425521454,1,1
400,9788426355058,1,1
400,9788426361240,1,1
400,9788426364579,1,1
400,9788426376862,1,1
400,9788426387004,1,2
400,9788426403346,1,2
400,9788426403377,1,1
400,9788426403384,1,4
400,9788426406286,1,1
400,9788426407030,1,1
400,9788426407795,1,1
400,9788426407924,1,1
400,9788426408402,1,1
400,9788426409089,1,4
400,9788426409522,1,3
400,9788426409690,1,7
400,9788426410344,1,2
400,9788426410733,1,3
400,9788426411112,1,5
400,9788426411402,1,1
400,9788426415240,1,3
400,9788426418104,1,3
400,9788426420701,1,1
400,9788426423474,1,1
400,9788426451590,1,1
400,9788426481207,1,5
400,9788426481214,1,2
400,9788426488916,1,2
400,9788427204164,1,7
400,9788427208742,1,8
400,9788427209442,1,3
400,9788427209459,1,3
400,9788427209718,1,7
400,9788427209824,1,25
400,9788427209848,1,1
400,9788427210844,1,4
400,9788427211261,1,2
400,9788427212572,1,1
400,9788427212589,1,2
400,9788427213098,1,4
400,9788427213128,1,3
400,9788427213418,1,8
400,9788427216211,1,3
400,9788427219540,1,5
400,9788427222854,1,1
400,9788427223615,1,2
400,9788427224872,1,3
400,9788427299870,1,4
400,9788427299887,1,10
400,9788427299894,1,8
400,9788428552080,1,1
400,9788430556977,1,1
400,9788430600939,1,3
400,9788430604616,1,2
400,9788430617296,1,3
400,9788430622030,1,6
400,9788430623310,1,2
400,9788430624348,1,1
400,9788430624416,1,2
400,9788430624638,1,4
400,9788430624751,1,1
400,9788430624843,1,1
400,9788430976010,1,2
400,9788431551933,1,1
400,9788432200397,1,4
400,9788432238727,1,2
400,9788432316272,1,1
400,9788432320002,1,1
400,9788433902344,1,3
400,9788433902610,1,3
400,9788433902665,1,2
400,9788433916365,1,2
400,9788433959577,1,3
400,9788433960047,1,2
400,9788433960061,1,1
400,9788433964397,1,3
400,9788433980540,1,1
400,9788433980601,1,3
400,9788433980663,1,3
400,9788433980786,1,1
400,9788433998385,1,3
400,9788433998842,1,2
400,9788433999122,1,5
400,9788433999153,1,2
400,9788434413528,1,2
400,9788434433281,1,1
400,9788434433298,1,3
400,9788434433496,1,4
400,9788434434776,1,1
400,9788435017923,1,1
400,9788435018838,1,1
400,9788435018852,1,1
400,9788435019644,1,3
400,9788435021753,1,1
400,9788435021791,1,1
400,9788435021975,1,1
400,9788436841459,1,1
400,9788436844405,1,2
400,9788436844627,1,3
400,9788436845884,1,3
400,9788437600246,0,0
400,9788439726739,1,1
400,9788439730484,1,8
400,9788439732433,1,2
400,9788439732471,1,22
400,9788439734888,1,3
400,9788439735762,1,2
400,9788439736851,1,2
400,9788439737322,1,3
400,9788439737797,1,1
400,9788439738015,1,1
400,9788439738282,1,2
400,9788439738343,1,2
400,9788439738411,1,6
400,9788439738756,1,1
400,9788439739012,1,1
400,9788439739173,1,1
400,9788439739210,1,2
400,9788439739395,1,2
400,9788439739449,1,1
400,9788439739470,1,1
400,9788439739616,1,2
400,9788439739654,1,2
400,9788439739753,1,1
400,9788439739845,1,4
400,9788439741008,1,4
400,9788441541023,0,0
400,9788441541078,1,1
400,9788441541276,1,1
400,9788441541313,0,0
400,9788441541429,1,2
400,9788441541658,1,2
400,9788441541979,1,1
400,9788441542334,1,1
400,9788441542402,1,1
400,9788441542662,1,1
400,9788441542716,1,1
400,9788441543393,1,2
400,9788441543454,1,1
400,9788441543898,1,1
400,9788441544178,1,3
400,9788441545441,1,3
400,9788441545540,1,2
400,9788445000199,1,1
400,9788445005576,1,2
400,9788445005903,1,1
400,9788445005934,1,2
400,9788445006023,1,6
400,9788445006030,1,5
400,9788445006108,1,2
400,9788445006498,1,1
400,9788445006504,1,2
400,9788445007013,1,4
400,9788445007020,1,3
400,9788445007037,1,3
400,9788445007044,1,5
400,9788445007051,1,1
400,9788445007310,1,1
400,9788445007327,1,1
400,9788445007341,1,2
400,9788445007402,1,4
400,9788445007419,1,1
400,9788445007426,1,3
400,9788445007662,1,2
400,9788445007709,1,3
400,9788445008546,1,1
400,9788445008614,1,5
400,9788445008645,1,2
400,9788445008652,1,2
400,9788445009413,1,2
400,9788445009598,1,3
400,9788445009604,1,1
400,9788445009673,1,1
400,9788445009765,1,2
400,9788445009789,1,1
400,9788445009826,1,1
400,9788445009888,1,1
400,9788445009918,1,1
400,9788445010006,1,2
400,9788445010037,1,4
400,9788445010044,1,1
400,9788445010051,1,2
400,9788445010235,1,1
400,9788445011119,1,4
400,9788445011829,1,6
400,9788445011843,1,5
400,9788445012482,1,1
400,9788445012789,1,3
400,9788445012802,1,8
400,9788445013137,1,3
400,9788445013144,1,4
400,9788445013359,1,8
400,9788445909386,1,1
400,9788447375974,1,2
400,9788447383139,1,1
400,9788447383153,1,1
400,9788447383986,1,1
400,9788447383993,1,1
400,9788447387274,1,1
400,9788447387359,1,1
400,9788447389643,1,1
400,9788447392759,1,1
400,9788447392766,1,1
400,9788447394128,1,1
400,9788447394197,1,1
400,9788447395965,1,1
400,9788447397457,1,1
400,9788448004804,1,1
400,9788448023638,1,2
400,9788448027636,1,1
400,9788448027896,1,1
400,9788448028114,1,1
400,9788448047702,1,2
400,9788448847876,1,2
400,9788448848873,1,8
400,9788448849757,1,6
400,9788448850555,1,1
400,9788448850982,1,2
400,9788448851897,1,2
400,9788448853044,1,6
400,9788448853327,1,1
400,9788448854072,1,4
400,9788448854133,1,5
400,9788448854485,1,5
400,9788448855239,1,7
400,9788448855246,1,3
400,9788448855482,1,3
400,9788448855789,1,2
400,9788448858421,1,1
400,9788448859558,1,3
400,9788448859824,1,3
400,9788448859947,1,4
400,9788448859954,1,1
400,9788448860752,1,8
400,9788448861032,1,3
400,9788448861100,1,5
400,9788448861124,1,5
400,9788449325427,1,1
400,9788449337284,1,1
400,9788449337413,1,1
400,9788449337604,1,1
400,9788449338182,1,7
400,9788449339004,1,2
400,9788449340055,1,1
400,9788461716098,1,6
400,9788466216128,1,6
400,9788466216630,1,14
400,9788466239455,1,14
400,9788466239547,1,6
400,9788466239561,1,3
400,9788466239745,0,0
400,9788466240154,1,7
400,9788466240444,1,17
400,9788466240611,0,0
400,9788466240659,1,1
400,9788466240697,1,2
400,9788466240819,1,2
400,9788466241069,1,19
400,9788466241076,1,16
400,9788466241335,1,4
400,9788466241359,1,12
400,9788466241366,1,5
400,9788466241472,1,7
400,9788466241489,1,10
400,9788466241533,1,8
400,9788466241540,1,9
400,9788466241830,1,1
400,9788466241847,1,2
400,9788466241854,1,1
400,9788466241878,1,2
400,9788466241885,1,7
400,9788466241892,1,2
400,9788466241922,1,2
400,9788466241939,1,10
400,9788466242073,1,7
400,9788466242080,1,5
400,9788466329149,1,1
400,9788466329378,1,1
400,9788466333276,1,3
400,9788466335041,1,2
400,9788466337045,1,6
400,9788466337113,1,1
400,9788466338813,1,10
400,9788466342070,1,2
400,9788466342711,1,2
400,9788466343053,1,1
400,9788466343411,1,2
400,9788466343756,1,3
400,9788466344180,1,2
400,9788466344845,1,4
400,9788466346368,1,2
400,9788466346498,1,6
400,9788466349321,1,2
400,9788466349833,1,9
400,9788466349864,1,9
400,9788466349871,1,9
400,9788466350396,1,1
400,9788466352062,1,3
400,9788466352284,1,3
400,9788466352406,1,1
400,9788466352437,1,2
400,9788466352680,1,7
400,9788466353410,1,1
400,9788466354592,1,2
400,9788466355612,1,3
400,9788466356015,1,3
400,9788466356237,1,4
400,9788466356497,1,1
400,9788466356732,1,3
400,9788466356749,1,6
400,9788466357128,1,1
400,9788466357296,1,1
400,9788466357470,1,9
400,9788466357487,1,6
400,9788466357616,1,4
400,9788466357760,1,4
400,9788466357777,1,1
400,9788466357852,1,3
400,9788466357999,1,2
400,9788466358187,1,2
400,9788466358194,1,2
400,9788466358477,1,3
400,9788466358743,1,4
400,9788466358965,1,13
400,9788466358996,1,3
400,9788466359290,1,3
400,9788466359320,1,3
400,9788466359344,1,3
400,9788466359375,1,21
400,9788466359399,1,3
400,9788466359443,1,3
400,9788466359450,1,2
400,9788466359801,1,2
400,9788466360081,1,2
400,9788466360234,1,4
400,9788466360319,1,1
400,9788466360692,1,1
400,9788466360753,1,3
400,9788466360807,1,2
400,9788466360944,1,4
400,9788466360999,1,2
400,9788466361026,1,2
400,9788466361057,1,3
400,9788466361095,1,5
400,9788466361279,1,2
400,9788466361675,1,1
400,9788466361682,1,1
400,9788466362139,1,4
400,9788466362344,1,7
400,9788466362399,1,14
400,9788466362511,1,2
400,9788466362658,1,3
400,9788466362740,1,5
400,9788466362818,1,1
400,9788466363334,1,2
400,9788466363501,1,3
400,9788466363914,1,9
400,9788466363952,1,4
400,9788466364126,1,1
400,9788466655866,1,12
400,9788466657549,1,2
400,9788466658355,1,12
400,9788466658362,1,12
400,9788466658843,1,1
400,9788466658850,1,3
400,9788466658874,1,5
400,9788466658904,1,2
400,9788466658911,1,7
400,9788466658928,1,1
400,9788466659628,1,3
400,9788466659840,1,12
400,9788466662321,1,4
400,9788466662680,1,2
400,9788466663069,1,1
400,9788466667814,1,1
400,9788466668798,1,1
400,9788466669801,1,3
400,9788466669887,1,1
400,9788466670906,1,3
400,9788466671422,1,6
400,9788467032819,1,2
400,9788467043709,1,5
400,9788467051612,1,1
400,9788467052510,1,1
400,9788467053456,1,6
400,9788467054743,1,1
400,9788467062540,1,1
400,9788467523157,1,1
400,9788467871470,1,2
400,9788467902822,1,1
400,9788467903768,1,1
400,9788467904215,1,1
400,9788467908374,1,3
400,9788467908398,1,2
400,9788467908404,1,1
400,9788467908411,1,1
400,9788467908428,1,2
400,9788467911565,1,4
400,9788467911787,1,2
400,9788467911794,1,2
400,9788467912135,1,1
400,9788467912692,1,5
400,9788467912869,1,3
400,9788467912876,1,1
400,9788467913132,1,3
400,9788467914016,1,2
400,9788467914085,1,4
400,9788467914504,1,1
400,9788467914511,1,3
400,9788467914887,1,3
400,9788467914894,1,1
400,9788467914900,1,1
400,9788467914924,1,1
400,9788467915037,1,3
400,9788467916201,1,4
400,9788467916294,1,3
400,9788467916461,1,1
400,9788467916508,1,1
400,9788467916997,1,2
400,9788467918434,1,1
400,9788467918472,1,1
400,9788467918632,1,1
400,9788467919110,1,2
400,9788467919264,1,2
400,9788467920697,1,1
400,9788467921472,1,1
400,9788467921489,1,2
400,9788467921496,1,2
400,9788467921502,1,1
400,9788467921519,1,1
400,9788467921526,1,1
400,9788467922424,1,1
400,9788467923582,1,1
400,9788467923902,1,2
400,9788467923919,1,2
400,9788467923971,1,1
400,9788467924374,1,2
400,9788467924473,1,1
400,9788467925104,1,2
400,9788467926736,1,3
400,9788467927726,1,1
400,9788467928174,1,2
400,9788467928181,1,1
400,9788467928235,1,1
400,9788467928259,1,1
400,9788467929287,1,1
400,9788467929843,1,1
400,9788467930016,1,1
400,9788467930160,1,1
400,9788467930276,1,1
400,9788467931754,1,5
400,9788467931761,1,2
400,9788467932355,1,1
400,9788467932713,1,1
400,9788467933024,1,2
400,9788467933888,1,2
400,9788467934823,1,1
400,9788467936551,1,1
400,9788467936728,1,1
400,9788467937640,1,1
400,9788467937657,1,1
400,9788467938715,1,1
400,9788467939958,1,1
400,9788467939965,1,2
400,9788467939972,1,4
400,9788467939989,1,1
400,9788467939996,1,2
400,9788467940657,1,4
400,9788467941067,1,2
400,9788467941173,1,5
400,9788467941920,1,3
400,9788467942590,1,2
400,9788467943610,1,2
400,9788467944013,1,2
400,9788467945140,1,1
400,9788467945263,1,2
400,9788467945331,1,2
400,9788467946031,1,4
400,9788467948042,1,2
400,9788467948073,1,1
400,9788467948776,1,1
400,9788467948783,1,1
400,9788467948790,1,1
400,9788467949889,1,2
400,9788467950090,1,2
400,9788467950106,1,3
400,9788468331447,1,2
400,9788468334127,1,1
400,9788468334226,1,1
400,9788468335476,1,1
400,9788468340531,1,1
400,9788468340548,1,1
400,9788468340685,1,2
400,9788468343792,1,2
400,9788468349091,1,1
400,9788468352183,1,1
400,9788468353432,1,1
400,9788468355375,1,2
400,9788469600146,1,2
400,9788469600658,1,2
400,9788469601426,1,3
400,9788469603635,1,2
400,9788469605745,1,1
400,9788469606698,1,2
400,9788469621660,1,2
400,9788469623879,1,2
400,9788469624647,1,1
400,9788469625156,1,1
400,9788469626078,1,2
400,9788469626344,1,5
400,9788469626863,1,1
400,9788469666630,1,4
400,9788469791462,1,5
400,9788469885642,1,1
400,9788469890790,1,1
400,9788469890806,1,1
400,9788469890929,1,2
400,9788469890967,1,3
400,9788477027430,1,1
400,9788477206033,1,2
400,9788478086085,1,3
400,9788478339532,1,2
400,9788478848782,1,1
400,9788479015619,1,2
400,9788479537838,1,2
400,9788479538828,1,6
400,9788480769297,1,1
400,9788483068380,1,3
400,9788483104927,1,2
400,9788483566565,1,1
400,9788483657621,1,3
400,9788483830277,1,1
400,9788483835036,0,0
400,9788483930250,1,8
400,9788483930984,1,2
400,9788483932247,1,2
400,9788483932544,1,1
400,9788483932810,1,1
400,9788483932841,1,2
400,9788483932940,1,6
400,9788483933145,1,12
400,9788483933237,1,3
400,9788484455608,1,1
400,9788484837282,1,4
400,9788488586254,1,3
400,9788490242759,1,1
400,9788490437964,1,6
400,9788490437995,1,15
400,9788490438008,1,10
400,9788490439371,1,2
400,9788490567906,0,0
400,9788490624494,1,2
400,9788490628331,1,3
400,9788490628720,1,2
400,9788490628737,1,1
400,9788490628744,1,1
400,9788490628782,1,1
400,9788490628973,1,3
400,9788490628980,1,9
400,9788490628997,1,5
400,9788490629000,1,4
400,9788490655733,1,1
400,9788490669679,1,2
400,9788490669983,1,1
400,9788490700563,1,1
400,9788490702260,1,2
400,9788490703823,1,3
400,9788490707685,1,1
400,9788490944370,1,1
400,9788490949115,1,1
400,9788491014416,1,1
400,9788491014478,1,2
400,9788491015062,1,1
400,9788491015550,0,0
400,9788491016571,1,3
400,9788491016595,1,5
400,9788491016786,1,1
400,9788491016809,1,2
400,9788491016823,1,3
400,9788491016861,1,2
400,9788491016885,1,2
400,9788491017776,1,1
400,9788491017981,1,1
400,9788491018001,1,1
400,9788491018025,1,1
400,9788491018148,1,2
400,9788491018421,1,1
400,9788491018582,1,1
400,9788491042310,1,1
400,9788491043171,1,5
400,9788491050889,1,1
400,9788491051688,1,2
400,9788491052425,0,0
400,9788491055013,1,1
400,9788491055242,1,1
400,9788491055273,1,1
400,9788491055280,1,3
400,9788491055914,1,4
400,9788491110194,1,11
400,9788491110361,1,1
400,9788491110408,1,3
400,9788491110934,1,3
400,9788491111146,1,1
400,9788491111511,1,1
400,9788491111825,1,7
400,9788491111962,1,1
400,9788491112563,1,1
400,9788491113126,1,5
400,9788491113522,1,1
400,9788491113850,1,7
400,9788491114390,1,2
400,9788491114543,1,10
400,9788491114581,0,0
400,9788491115021,1,4
400,9788491115076,1,2
400,9788491115526,1,1
400,9788491115724,1,3
400,9788491115731,1,2
400,9788491115786,1,2
400,9788491115892,1,1
400,9788491115939,1,4
400,9788491115960,1,3
400,9788491116073,1,3
400,9788491116080,1,1
400,9788491116097,1,11
400,9788491116141,1,1
400,9788491116394,1,3
400,9788491116400,1,5
400,9788491116479,1,4
400,9788491116691,1,3
400,9788491116707,1,4
400,9788491116738,1,2
400,9788491116745,1,1
400,9788491116776,1,1
400,9788491116783,1,2
400,9788491116820,1,2
400,9788491116882,1,4
400,9788491116905,1,4
400,9788491118060,1,2
400,9788491118091,1,6
400,9788491118138,1,5
400,9788491118152,1,2
400,9788491118169,1,2
400,9788491118213,1,4
400,9788491118244,1,2
400,9788491118251,1,2
400,9788491118268,1,6
400,9788491118282,1,1
400,9788491118350,1,5
400,9788491118381,1,2
400,9788491118404,1,2
400,9788491118411,1,7
400,9788491118527,1,2
400,9788491118558,1,1
400,9788491118602,1,3
400,9788491118671,1,3
400,9788491118701,1,4
400,9788491118718,1,7
400,9788491118725,1,1
400,9788491118732,1,2
400,9788491118749,1,7
400,9788491118756,1,2
400,9788491118909,1,5
400,9788491118947,1,1
400,9788491290803,1,6
400,9788491294047,1,2
400,9788491295372,1,2
400,9788491296171,1,2
400,9788491296294,1,6
400,9788491296409,1,4
400,9788491296737,1,5
400,9788491391517,1,1
400,9788491392040,1,1
400,9788491392323,1,1
400,9788491392330,1,2
400,9788491392446,1,2
400,9788491393481,1,1
400,9788491393689,1,2
400,9788491393887,1,5
400,9788491393894,1,1
400,9788491393917,1,3
400,9788491394150,1,6
400,9788491394174,1,1
400,9788491394204,1,1
400,9788491394228,1,1
400,9788491394358,1,2
400,9788491394396,1,2
400,9788491394686,1,2
400,9788491395973,1,4
400,9788491396208,1,1
400,9788491396475,1,7
400,9788491396482,1,3
400,9788491396529,1,1
400,9788491420538,1,3
400,9788491421627,1,7
400,9788491424260,1,8
400,9788491425120,1,1
400,9788491425526,1,2
400,9788491425540,1,1
400,9788491425595,1,1
400,9788491450108,1,2
400,9788491450436,1,2
400,9788491450689,1,4
400,9788491452089,1,2
400,9788491452218,1,4
400,9788491452348,1,1
400,9788491452379,1,5
400,9788491452560,1,2
400,9788491453116,1,1
400,9788491453376,1,2
400,9788491453833,1,3
400,9788491453987,1,3
400,9788491455134,1,3
400,9788491455165,1,2
400,9788491455196,1,2
400,9788491455288,1,8
400,9788491455325,1,1
400,9788491455394,1,5
400,9788491455431,1,1
400,9788491455493,1,1
400,9788491455530,1,12
400,9788491455547,1,5
400,9788491455554,1,7
400,9788491455578,1,2
400,9788491455585,1,12
400,9788491455592,1,5
400,9788491455608,1,5
400,9788491455646,1,1
400,9788491455714,1,11
400,9788491455738,1,5
400,9788491455769,1,1
400,9788491455783,1,4
400,9788491455806,1,5
400,9788491455844,1,2
400,9788491455851,1,7
400,9788491455868,1,4
400,9788491456001,1,7
400,9788491462132,1,3
400,9788491468899,1,1
400,9788491469407,1,1
400,9788491648642,1,1
400,9788491649052,1,1
400,9788491649847,1,1
400,9788491671602,1,2
400,9788491674726,1,2
400,9788491675228,1,2
400,9788491676447,1,1
400,9788491677918,1,2
400,9788491730095,1,8
400,9788491736820,1,4
400,9788491736837,1,6
400,9788491737506,1,7
400,9788491737995,1,6
400,9788491749127,1,1
400,9788491814122,1,6
400,9788491814870,1,2
400,9788491876939,1,1
400,9788491879404,1,1
400,9788491990475,1,2
400,9788491990727,1,1
400,9788491992882,1,5
400,9788491993070,1,2
400,9788491994138,1,3
400,9788492480159,1,4
400,9788492534999,1,1
400,9788492683260,1,2
400,9788492750078,1,1
400,9788492915644,1,1
400,9788492917006,1,4
400,9788492917013,1,1
400,9788492917020,1,1
400,9788492917037,1,3
400,9788492917044,1,1
400,9788492917051,1,6
400,9788492917068,1,1
400,9788492918164,1,7
400,9788492918249,1,2
400,9788492918386,1,1
400,9788492918539,1,1
400,9788492918553,1,5
400,9788492918621,1,2
400,9788492918645,1,3
400,9788492918652,1,6
400,9788492918676,1,5
400,9788492918737,1,1
400,9788492918805,1,2
400,9788492921379,1,1
400,9788492921553,1,4
400,9788492921799,1,1
400,9788492921881,1,5
400,978-8493331467,1,2
400,9788493696184,1,6
400,9788493696191,0,0
400,9788493711061,1,2
400,9788494029264,1,1
400,9788494074509,1,1
400,9788494098420,1,3
400,9788494154911,1,6
400,9788494258237,1,1
400,9788494411021,1,2
400,9788494443404,1,4
400,9788494443459,1,2
400,9788494443497,1,1
400,9788494504235,1,15
400,9788494504297,1,1
400,9788494510595,0,0
400,9788494513718,1,1
400,9788494551703,1,1
400,9788494570926,1,1
400,9788494650697,1,1
400,9788494681516,1,13
400,9788494690785,1,1
400,9788494710865,1,2
400,9788494745812,1,3
400,9788494778681,1,6
400,9788494799778,1,3
400,9788494845864,1,2
400,9788494883248,1,4
400,9788494990113,1,3
400,9788494990151,1,2
400,9788495764997,1,1
400,9788496325074,1,1
400,9788496581494,1,3
400,9788496627260,1,2
400,9788496815629,1,1
400,9788496886674,1,1
400,9788496886827,1,6
400,9788496886964,1,2
400,9788497166188,1,1
400,9788497594349,1,4
400,9788497770996,1,3
400,9788497772754,1,4
400,9788497772792,1,2
400,9788497775762,1,5
400,9788497776202,1,5
400,9788497776394,1,7
400,9788497776493,1,2
400,9788497776639,1,1
400,9788497776776,1,3
400,9788497777117,1,3
400,9788497777933,1,2
400,9788497778282,1,3
400,9788497943567,1,1
400,9788497944502,1,1
400,9788497944632,1,1
400,9788497944649,1,2
400,9788497944663,1,2
400,9788497944700,1,1
400,9788497944717,1,5
400,9788497944724,1,3
400,9788497944731,1,26
400,9788497944748,1,5
400,9788497944779,1,8
400,9788497944786,0,0
400,9788497944793,1,3
400,9788497944809,1,3
400,9788497944953,1,3
400,9788497945035,1,1
400,9788497945042,1,3
400,9788497945066,1,6
400,9788497945141,1,3
400,9788497945165,1,4
400,9788497945219,1,5
400,9788497945226,1,3
400,9788497945301,1,3
400,9788497945325,0,0
400,9788497945349,1,3
400,9788497945356,1,3
400,9788497945363,1,7
400,9788497945387,1,3
400,9788498253351,1,1
400,9788498254990,1,2
400,9788498381474,1,2
400,9788498382549,1,1
400,9788498384284,1,3
400,9788498384352,1,1
400,9788498385335,1,3
400,9788498385939,1,2
400,9788498387094,1,4
400,9788498387582,1,3
400,9788498387650,1,11
400,9788498387858,1,1
400,9788498387926,1,11
400,9788498387940,1,19
400,9788498388213,1,3
400,9788498388442,1,1
400,9788498388473,1,9
400,9788498388824,1,13
400,9788498388992,1,3
400,9788498389173,1,1
400,9788498389197,1,1
400,9788498389449,1,5
400,9788498389487,1,31
400,9788498389517,1,2
400,9788498389579,1,1
400,9788498389715,1,15
400,9788498389739,1,7
400,9788498389883,1,1
400,9788498389913,1,2
400,9788498414516,1,3
400,9788498453157,1,9
400,9788498474992,1,1
400,9788498728354,1,1
400,9788498890563,1,5
400,9788498891058,1,9
400,9788498891065,1,10
400,9788498891072,1,16
400,9788498922196,1,1
400,9788498923735,1,1
400,9788498926996,1,1
400,9788498927818,1,1
400,9788498954296,1,1
400,9788499083728,1,2
400,9788499086514,1,1
400,9788499086743,1,2
400,9788499088044,1,4
400,9788499175584,1,1
400,9788499175607,1,5
400,9788499176437,1,1
400,9788499188638,1,1
400,9788499392974,1,1
400,9788499427263,1,2
400,9788499675695,1,1
400,9788499742892,1,2
400,9788499743288,1,2
400,9788499743455,1,1
400,9788499890401,1,3
400,9788499899800,1,5
400,9788499929866,1,1
400,9789403219240,1,1
400,9789463591966,1,1
400,9789463592055,1,3
400,9789463593908,1,3
400,9789463595070,1,3
400,9789463597623,1,1
400,9789463598019,1,5
400,9789500207768,1,3
400,9789500207935,1,1
400,9789500208499,1,2
400,9789500210140,1,2
400,9789500427777,1,2
400,9789500761277,1,6
400,9789500767149,1,6
400,9789500767767,1,24
400,9789501729658,1,4
400,9789502814964,1,2
400,9789506442415,1,2
400,9789506446215,1,3
400,9789506446420,1,6
400,9789563500028,1,1
400,9789566010364,1,1
400,9789566145073,1,9
400,9789569532344,1,8
400,9789569957079,1,11
400,9789569957086,1,14
400,9789569957093,1,18
400,9789569957109,1,7
400,9789569957116,1,7
400,9789569957123,1,8
400,9789569957130,1,13
400,9789569957147,1,20
400,9789569957154,1,21
400,9789569957161,1,20
400,9789583055942,1,2
400,9789583202780,1,3
400,9789583202902,1,2
400,9789584216021,1,6
400,9789584238597,1,7
400,9789584241702,1,1
400,9789584251107,1,1
400,9789584251671,1,12
400,9789584254726,1,3
400,9789584258816,1,1
400,9789584260581,1,1
400,9789584264046,1,3
400,9789584264305,1,1
400,9789584264350,1,1
400,9789584265159,1,21
400,9789584266750,1,1
400,9789584269386,1,4
400,9789584269492,1,7
400,9789584270306,1,1
400,9789584271570,1,1
400,9789584274243,1,2
400,9789584274274,1,4
400,9789584275097,1,3
400,9789584276186,1,1
400,9789584276599,1,11
400,9789584277213,1,10
400,9789584277237,1,2
400,9789584277428,1,5
400,9789584278319,1,14
400,9789584278432,1,1
400,9789584278982,1,1
400,9789584280770,1,1
400,9789584281531,1,1
400,9789584284808,1,2
400,9789584284846,1,6
400,9789584284860,1,3
400,9789584284938,1,8
400,9789584284969,1,1
400,9789584285249,1,2
400,9789584285294,1,1
400,9789584285300,1,5
400,9789584285706,1,5
400,9789584286185,1,1
400,9789584287076,1,6
400,9789584287120,1,4
400,9789584287564,1,7
400,9789584287571,1,1
400,9789584288875,1,2
400,9789584289148,1,1
400,9789584289971,1,1
400,9789584290427,1,1
400,9789584291233,1,3
400,9789584291516,1,1
400,9789584291998,1,1
400,9789584292636,1,1
400,9789584292735,1,5
400,9789584292971,1,2
400,9789584293473,1,3
400,9789584293589,1,2
400,9789584293695,1,2
400,9789584293701,1,3
400,9789584293985,1,1
400,9789584294081,1,5
400,9789584294111,1,2
400,9789584294258,1,2
400,9789584294760,1,6
400,9789584295446,1,2
400,9789584297464,1,1
400,9789584297877,1,15
400,9789584297884,1,9
400,9789584297976,1,6
400,9789584297983,1,17
400,9789584297990,1,28
400,9789584298041,1,5
400,9789584298065,1,1
400,9789584298096,1,1
400,9789584298119,1,1
400,9789584298362,1,3
400,9789584298645,1,6
400,9789584298737,1,2
400,9789584298829,1,17
400,9789584298836,1,3
400,9789584298904,1,3
400,9789584299222,1,3
400,9789584299482,1,6
400,9789584299536,1,2
400,9789584299543,1,5
400,9789584299550,1,1
400,9789584299574,1,3
400,9789584299581,1,1
400,9789584299628,1,3
400,9789584299666,1,3
400,9789584299697,1,2
400,9789584299758,1,3
400,9789584916211,1,3
400,9789584929846,1,10
400,9789585277342,1,2
400,9789585305922,1,9
400,9789589737897,1,5
400,9789801298236,1,15
400,9789801298243,1,3
400,9789801826255,1,7
400,9789803690236,1,1
400,9789803690823,1,4
400,9789803690830,1,3
400,9789803690878,1,2
400,9789803690984,1,9
400,9789806114098,1,1
400,9789806114142,1,4
400,9789806114159,1,2
400,9789806329478,1,7
400,9789807909136,1,1
400,9789870434665,1,9
400,9789871138036,1,4
400,9789871713325,1,6
400,9789871997480,1,12
400,9789871997565,1,3
400,9789871997619,1,19
400,9789873677533,1,15
400,9789873752131,1,2
400,9789873752476,1,1
400,9789873752629,1,6
400,9789873818769,1,3
400,9789873818776,1,6
400,9789873818783,1,11
400,9789873818875,1,2
400,9789873818905,1,3
400,9789873820977,1,3
400,9789873820991,1,2
400,9789873952227,1,1
400,9789874086259,1,1
400,9789874086266,1,2
400,9789874086280,1,2
400,9789874747877,1,2
400,9789874747891,1,1
400,9789874777010,1,1
400,9789874810304,1,4
400,9789874810311,1,7
400,9789874924162,1,4
400,9789874924285,1,10
400,9789874924698,1,3
400,9789874924773,1,5
400,9789874924810,1,2
400,9789874924858,1,26
400,9789874924872,1,8
400,9789874924971,1,10
400,9789874924995,1,28
400,9789875669062,1,2
400,9789876094436,1,3
400,9789876129909,1,3
400,9789876278812,1,4
400,9789876371049,1,6
400,9789876371056,1,3
400,9789876371742,1,6
400,9789876373944,1,6
400,9789877252040,1,5
400,9789877252491,1,4
400,9789877252545,1,2
400,9789877253375,1,6
400,9789877253702,1,2
400,9789877253757,1,2
400,9789877253764,1,8
400,9789877253788,1,1
400,9789877253795,1,5
400,9789877254112,1,10
400,9789877254396,1,1
400,9789877254501,1,2
400,9789877254532,1,3
400,9789877254563,1,8
400,9789877254600,1,2
400,9789877254624,1,10
400,9789877254747,1,2
400,9789877254785,1,3
400,9789877254853,1,1
400,9789877254877,1,1
400,9789877254921,1,2
400,9789877352818,1,2
400,9789877363074,1,33
400,9789877363326,1,14
400,9789877363388,1,3
400,9789877363432,1,7
400,9789877370645,1,6
400,9789877370720,1,6
400,9789877370812,1,3
400,9789877370829,1,4
400,9789877370874,1,2
400,9789877380712,1,3
400,9789877382983,1,7
400,9789877383300,1,16
400,9789877383386,1,23
400,9789877384147,1,3
400,9789877385991,1,16
400,9789877386165,1,7
400,9789877386578,1,6
400,9789877386592,1,4
400,9789877386875,1,1
400,9789877387285,1,7
400,9789877387490,1,2
400,9789877387742,1,1
400,9789877387759,1,1
400,9789877387766,1,1
400,9789877388176,1,9
400,9789877388572,1,2
400,9789877388589,1,2
400,9789877388602,1,3
400,9789877388619,1,5
400,9789877388626,1,3
400,9789877388640,1,5
400,9789877388695,1,3
400,9789877388862,1,15
400,9789877388879,1,3
400,9789877388893,1,42
400,9789877388923,1,1
400,9789877388978,1,3
400,9789877389166,1,6
400,9789877389203,1,2
400,9789877389210,1,2
400,9789877389746,1,17
400,9789877389760,1,1
400,9789877389975,1,23
400,9789877390889,1,4
400,9789877390902,1,6
400,9789877391428,1,1
400,9789877391695,1,17
400,9789877391831,1,1
400,9789877470338,1,3
400,9789877472387,1,3
400,9789877474244,1,2
400,9789877474572,1,2
400,9789877475876,1,7
400,9789877476101,1,4
400,9789877476583,1,32
400,9789877476972,1,52
400,9789877477009,1,9
400,9789877477474,1,5
400,9789877478136,1,1
400,9789877478242,1,6
400,9789877478433,1,36
400,9789877478518,1,10
400,9789877478792,1,40
400,9789877512724,1,5
400,9789877513677,1,1
400,9789877513974,1,4
400,9789877515084,1,1
400,9789877515107,1,2
400,9789877517521,1,4
400,9789877517699,1,10
400,9789877517804,1,2
400,9789877517897,1,1
400,9789877518146,1,1
400,9789877518160,1,1
400,9789877518405,1,2
400,9789877518450,1,1
400,9789877518467,1,2
400,9789877519181,1,1
400,9789877519341,1,5
400,9789877519464,1,1
400,9789877690033,1,1
400,9789877692006,1,1
400,9789877692020,1,7
400,9789877692037,1,5
400,9789877692044,1,7
400,9789877692334,1,3
400,9789877692426,1,7
400,9789877692440,1,2
400,9789877801101,1,12
400,9789877802849,1,4
400,9789877802894,1,11
400,9789877802924,1,1
400,9789877803235,1,3
400,9789877803464,1,2
400,9789877950373,1,3
400,9789877950380,1,2
400,9789877950427,1,1
400,9789877950465,1,7
400,9789877970241,1,1
400,9789877971149,1,1
400,9789877971156,1,1
400,9789877971248,1,6
400,9789877971316,0,0
400,9789877972429,1,2
400,9789877975017,1,2
400,9789877975048,1,4
400,9789877975604,1,1
400,9789877975635,1,2
400,9789877975642,1,5
400,9789878000312,1,1
400,9789878000329,1,15
400,9789878000985,1,1
400,9789878001036,1,4
400,9789878120058,1,1
400,9789878120065,1,7
400,9789878120072,1,7
400,9789878120089,1,6
400,9789878120096,1,4
400,9789878120133,1,2
400,9789878120157,1,4
400,9789878120171,1,1
400,9789878120188,1,12
400,9789878120225,1,1
400,9789878120232,1,13
400,9789878120249,0,0
400,9789878120256,1,2
400,9789878120300,1,1
400,9789878120324,1,2
400,9789878120331,1,4
400,9789878120348,1,1
400,9789878120362,1,2
400,9789878120379,1,2
400,9789878120386,1,5
400,9789878120447,1,13
400,9789878120621,1,2
400,9789878120645,1,6
400,9789878120652,1,3
400,9789878120676,1,5
400,9789878120683,1,11
400,9789878120706,1,3
400,9789878120713,1,2
400,9789878120782,1,3
400,9789878120805,1,10
400,9789878120812,1,4
400,9789878120874,1,5
400,9789878120881,1,5
400,9789878120935,1,6
400,9789878120966,1,4
400,9789878443195,1,3
400,9789878453019,1,3
400,9789878453187,1,17
400,9789878453194,1,1
400,9789878453200,1,1
400,9789878453217,1,1
400,9789878453224,1,4
400,9789878453231,1,7
400,9789878453248,1,1
400,9789878453255,1,6
400,9789878453262,1,3
400,9789878453286,1,4
400,9789878940144,1,22
400,9789878940205,1,18
400,9789878940212,1,14
400,9789878940274,1,14
400,9789942982216,1,5
400,9789942982254,1,4
400,9789972404078,1,1
400,9789972404221,1,2
400,9789972455889,1,3
400,9789972455896,1,2
400,9789972455902,1,3
400,9789972466861,1,2
400,9789972514395,1,3
400,9789972515736,1,1
400,9789972517426,1,1
400,9789972519796,1,1
400,9789972573170,1,2
400,9789972573439,1,3
400,9789972573743,1,4
400,9789972573811,1,1
400,9789972573897,1,2
400,9789972573910,1,3
400,9789972573941,1,2
400,9789972573989,1,2
400,9789972574009,1,5
400,9789972574030,1,2
400,9789972574092,1,3
400,9789972574146,1,2
400,9789972574153,1,1
400,9789972574733,1,4
400,9789972574825,1,3
400,9789972946868,1,2
400,9789972946875,1,1
400,9789974885158,1,5
400,9789974885165,1,12
400,9789974885172,1,11
400,9789974885189,1,2
400,9789974894709,1,3
400,9789974894716,1,3
400,9789974894723,1,3
400,9789974904224,1,4
400,9789974904231,1,5
400,9789974904248,1,4
400,9789974904842,1,2
400,9871138148,1,1
400,987-1138-71-7,1,3
400,987-566-131-7,1,2
400,9972-40-356-4,1,2
400,9972-40-384-X,1,2
400,9972-40-403-0,1,2
400,9972-9468-4-4,1,3
400,9972976572,1,1
400,P9786123193447,1,2
400,P9786124431272,1,3
500,0659525546977,1,2
500,2019001035,1,1
500,2050205000029,1,4
500,2050205000297,1,6
500,2050205000303,1,7
500,2050205000327,1,5
500,2050205000334,1,29
500,2050205000402,1,16
500,2050205000501,1,22
500,2050205100002,1,1
500,3665361037347,1,3
500,3665361040187,1,1
500,3665361042822,1,1
500,3665361052982,1,1
500,3665361058182,1,1
500,3665361058533,1,2
500,3700789216001,1,2
500,3700789267485,1,1
500,3700789281993,1,1
500,3760166567355,1,1
500,3760166568291,1,2
500,4891505811552,1,1
500,4895205602441,1,1
500,4895205604773,1,2
500,4895205606166,1,1
500,4895205606227,1,3
500,4895205608030,1,11
500,4895205608047,1,5
500,4895205608054,1,1
500,4895205608061,1,2
500,4895205608078,1,5
500,4895205608085,1,3
500,4897049300613,1,1
500,4897049300620,1,1
500,4897049302006,1,3
500,4897049304826,1,2
500,4897049304833,1,3
500,4897049304840,1,1
500,5035393051013,1,2
500,5035393051020,1,1
500,5035393051068,1,2
500,5035393051129,1,2
500,5035393051150,1,1
500,5035393365028,1,8
500,5035393365035,1,9
500,5035393365059,1,9
500,5035393374013,1,8
500,5035393374020,1,5
500,5035393374068,1,8
500,5035393983017,1,5
500,5035393983031,1,2
500,5035393983048,1,1
500,5035393983130,1,4
500,5055394011113,1,1
500,5055394013063,1,2
500,5055394013070,1,3
500,5055394013162,1,5
500,5055394013193,1,2
500,5055394013209,1,8
500,5055394014886,1,2
500,5055394015302,0,0
500,5055394015388,1,2
500,5055394015548,1,2
500,5055394015609,1,1
500,5055394016316,1,2
500,5055394016941,1,2
500,5055394018525,1,1
500,5055394018549,1,2
500,5055394021549,1,3
500,5055394021723,1,1
500,5055394022584,1,4
500,5055394023314,1,1
500,5055394023321,1,1
500,5055394023338,1,4
500,5055394024588,1,3
500,5055394024595,1,4
500,5901234123459,1,8
500,673807664852,1,8
500,673807665095,1,3
500,673807665156,1,9
500,673807665170,1,5
500,673807665224,1,6
500,673807665309,1,8
500,6936352511373,1,1
500,6936352520481,1,3
500,6936352520870,1,2
500,6936352520887,1,3
500,6936352520894,1,6
500,6936352520900,1,2
500,6936352520924,1,6
500,6936352520931,1,8
500,6936352520948,1,10
500,6936352520955,1,11
500,6936352520962,1,10
500,6936352530077,1,2
500,6936352530695,1,2
500,6936352532484,1,1
500,6936352532491,1,1
500,6936352540144,1,10
500,6936352540977,1,11
500,6936352541189,1,5
500,6936352541264,1,1
500,6936352570325,1,1
500,6936352570363,1,5
500,6944588200947,1,1
500,6944588202460,1,2
500,6944588205089,1,1
500,6944588205300,1,1
500,6944588208332,1,2
500,6944588209735,1,1
500,6944588209797,1,2
500,6944588209988,1,2
500,6944588240127,1,1
500,6944588240257,1,1
500,6944588240264,1,1
500,6971263707569,1,2
500,6971263707606,1,2
500,745853003128,1,6
500,756345000078,1,14
500,765095353287,1,16
500,7751035003810,1,1
500,7751035006651,1,9
500,7751035006668,1,1
500,7751035006736,1,2
500,7756444000504,1,4
500,7756444000535,1,2
500,7756444000542,1,2
500,7758735000019,1,9
500,7758735000026,1,75
500,7758735000132,1,8
500,819065022144,1,2
500,819065022250,1,1
500,819065022540,1,1
500,819065022755,1,1
500,84-7720-573-6,1,2
500,84-7720-685-6,1,2
500,84-7720-860-3,1,2
500,84-7720-996-0,1,4
500,84-9759-316-2,1,4
500,84-9759-347-2,1,1
500,84-9759-676-5,1,1
500,84-9759-922-5,1,1
500,84-9759-924-1,1,1
500,84-9777-060-9,1,1
500,84-9777-346-1,1,2
500,84-9777-372-0,1,7
500,84-9777-404-8,1,2
500,84-9793-127-0,1,1
500,84-9793-246-3,1,1
500,970-780-394-0,1,2
500,9780201320220,1,14
500,9780201379754,1,4
500,9781400223510,1,10
500,9781400235926,1,1
500,9781441315304,1,4
500,9781441327680,1,1
500,9781441328892,1,2
500,9781441328939,1,1
500,9781441329400,1,1
500,9781441331236,1,2
500,9781441331243,1,1
500,9781441331250,1,2
500,9781441331663,1,2
500,9781441334381,1,1
500,9781441337238,1,2
500,9781647221928,1,1
500,9781647222796,1,1
500,9781682986813,1,1
500,9781682986844,1,1
500,9782924788998,1,1
500,9786070709548,1,4
500,9786070743986,1,2
500,9786070744785,1,1
500,9786070744839,1,2
500,9786070760860,1,2
500,9786070763144,1,2
500,9786070763182,1,3
500,9786070769962,1,2
500,9786070769986,1,2
500,9786070769993,1,1
500,9786070770005,1,4
500,9786070770012,1,1
500,9786070770098,1,2
500,9786070772979,1,1
500,9786070779909,1,2
500,9786071116727,1,1
500,9786071137647,1,1
500,9786073108409,1,5
500,9786073111485,1,2
500,9786073125819,1,4
500,9786073130172,1,2
500,9786073130240,1,1
500,9786073132428,1,2
500,9786073133630,1,2
500,9786073150149,1,1
500,9786073151177,1,3
500,9786073152433,1,1
500,9786073159012,1,2
500,9786073159227,1,2
500,9786073165716,1,1
500,9786073169165,1,2
500,9786073170116,1,2
500,9786073172899,1,2
500,9786073173209,1,1
500,9786073181662,1,3
500,9786073184342,1,1
500,9786073184687,1,2
500,9786073187763,1,2
500,9786073188784,1,1
500,9786073193337,1,1
500,9786073193894,1,3
500,9786073193931,1,1
500,9786073193955,1,5
500,9786073194006,1,1
500,9786073194716,1,1
500,9786073197304,1,5
500,9786073197861,1,1
500,9786073199100,1,1
500,9786073801447,1,2
500,9786073802024,1,1
500,9786073802475,1,1
500,9786073803076,1,1
500,9786073803632,1,2
500,9786073803854,1,2
500,9786073803984,1,1
500,9786073805360,1,3
500,9786073805377,1,4
500,9786073805711,1,2
500,9786073805834,1,2
500,9786073808330,1,1
500,9786073808347,1,1
500,9786073808941,1,1
500,9786073809184,1,2
500,9786073809214,1,1
500,9786073810593,1,1
500,9786073811538,1,2
500,9786073811743,1,1
500,9786073812047,1,5
500,9786073812276,1,4
500,9786073812740,1,2
500,9786073813044,1,1
500,9786073813167,1,2
500,9786073814423,1,5
500,9786073814478,1,1
500,9786073814584,1,1
500,9786073814959,1,3
500,9786073815017,1,8
500,9786073815215,1,1
500,9786073815277,1,5
500,9786073815321,1,4
500,9786073815345,1,1
500,9786073815369,1,3
500,9786073815390,1,5
500,9786073815413,0,0
500,9786073815444,1,1
500,9786073815710,1,1
500,9786073815888,1,2
500,9786073815895,1,2
500,9786073816021,1,1
500,9786073816045,1,1
500,9786073816083,1,1
500,9786073816106,1,2
500,9786073816427,1,2
500,9786073816496,1,1
500,9786073816533,1,2
500,9786073816618,1,1
500,9786073816625,1,2
500,9786073818278,1,2
500,9786073818339,1,2
500,9786074003673,1,1
500,9786074210040,1,2
500,9786074211214,1,5
500,9786075276915,1,8
500,9786075277905,1,4
500,9786075280998,1,2
500,9786075282817,1,2
500,9786075322339,1,10
500,9786075323497,1,10
500,9786075324487,1,2
500,9786075324524,1,6
500,9786075326276,1,5
500,9786075326870,1,10
500,9786075327532,1,2
500,9786075328072,1,1
500,9786075328263,1,2
500,9786075328270,1,2
500,9786075328294,1,2
500,9786075328751,0,0
500,9786075480275,1,2
500,9786075680507,1,2
500,9786075680774,1,2
500,9786075684628,1,1
500,9786075686660,1,2
500,9786075686677,1,2
500,9786075688398,1,2
500,9786075688459,1,1
500,9786075688497,1,2
500,9786075690629,1,1
500,9786076342978,0,0
500,9786076346495,1,3
500,9786120044087,1,2
500,9786120044544,1,2
500,9786120044551,1,3
500,9786120048375,1,2
500,9786120066775,1,2
500,9786123050009,1,1
500,9786123050245,1,3
500,9786123050405,1,1
500,9786123050504,1,1
500,9786123050788,1,2
500,9786123050863,1,2
500,9786123050870,1,2
500,9786123050979,1,2
500,9786123051198,1,1
500,9786123051815,1,5
500,9786123051822,1,5
500,9786123051846,1,2
500,9786123051860,1,2
500,9786123051884,1,3
500,9786123051907,1,2
500,9786123173913,1,1
500,9786123175153,1,1
500,9786123176624,1,1
500,9786123176723,1,1
500,9786123176860,1,2
500,9786123177188,1,2
500,9786123177294,1,1
500,9786123177348,1,1
500,9786123177393,1,2
500,9786123177461,1,5
500,9786123177591,1,1
500,9786123177898,1,1
500,9786123177973,1,1
500,9786123190095,1,2
500,9786123191184,1,9
500,9786123191368,1,4
500,9786123191832,1,1
500,9786123192020,1,3
500,9786123192297,1,11
500,9786123192631,1,1
500,9786123193393,1,2
500,9786123194154,1,2
500,9786123194178,1,3
500,9786123194451,1,1
500,9786123194857,1,1
500,9786123195304,1,3
500,9786123195601,1,1
500,9786123196042,1,1
500,9786123196158,1,2
500,9786123196462,1,1
500,9786123196646,1,13
500,9786123196714,1,4
500,9786123196837,1,1
500,9786123196998,1,2
500,9786123197001,1,1
500,9786123197100,1,2
500,9786123197117,1,4
500,9786123197148,1,4
500,9786123197223,1,8
500,9786123197254,1,1
500,9786123197339,1,2
500,9786123197346,1,2
500,9786123197391,1,2
500,9786123197421,1,1
500,9786123197438,1,1
500,9786123197445,1,15
500,9786123197520,1,2
500,9786123197537,1,7
500,9786123197544,1,8
500,9786123197568,1,7
500,9786123197582,1,5
500,9786123197599,1,1
500,9786123197612,1,1
500,9786123197667,1,4
500,9786123197698,1,7
500,9786123197704,1,3
500,9786123197735,1,2
500,9786123197742,1,3
500,9786123197759,1,9
500,9786123197797,1,5
500,9786123197810,1,2
500,9786123197827,1,7
500,9786123197834,1,4
500,9786123197841,1,4
500,9786123197865,1,2
500,9786123197872,1,4
500,9786123197889,1,8
500,9786123197896,1,2
500,9786123197902,1,4
500,9786123197940,1,2
500,9786123197957,1,5
500,9786123197995,1,7
500,9786123260415,1,4
500,9786123261665,1,4
500,9786123261689,1,1
500,9786123261733,1,1
500,9786123261825,1,5
500,9786123261849,1,2
500,9786123261856,1,4
500,9786123261900,1,1
500,9786123310073,1,2
500,9786123310127,1,1
500,9786124039379,1,1
500,9786124181504,1,2
500,9786124181634,1,2
500,9786124181733,1,4
500,9786124201608,1,9
500,9786124201646,1,5
500,9786124201653,1,6
500,9786124244124,1,6
500,9786124244445,1,3
500,9786124245176,1,10
500,9786124245183,1,18
500,9786124245190,1,13
500,9786124245206,1,7
500,9786124245220,1,5
500,9786124247552,1,5
500,9786124247576,1,1
500,9786124247651,1,5
500,9786124248009,1,1
500,9786124249204,1,3
500,9786124249365,1,2
500,9786124249396,1,2
500,9786124249419,1,2
500,9786124253157,1,3
500,9786124256134,1,9
500,9786124256325,1,4
500,9786124256332,1,3
500,9786124256363,1,8
500,9786124256424,1,3
500,9786124262104,0,0
500,9786124262135,1,9
500,9786124262180,1,2
500,9786124262197,1,7
500,9786124262234,1,1
500,9786124262425,1,2
500,9786124262555,1,1
500,9786124262715,1,2
500,9786124262791,1,7
500,9786124262890,1,3
500,9786124266577,1,1
500,9786124266669,1,4
500,9786124266744,1,1
500,9786124266812,1,2
500,9786124266874,1,2
500,9786124266911,1,43
500,9786124267185,1,1
500,9786124268083,1,2
500,9786124269240,1,3
500,9786124269264,1,2
500,9786124269271,1,1
500,9786124269301,1,3
500,9786124271229,1,2
500,9786124272332,1,3
500,9786124272387,1,5
500,9786124272769,1,5
500,9786124272837,1,2
500,9786124272844,1,6
500,9786124272875,1,3
500,9786124272905,1,1
500,9786124272912,1,2
500,9786124272974,1,4
500,9786124272981,1,8
500,9786124275159,1,2
500,9786124275234,1,3
500,9786124275265,1,1
500,9786124277030,1,1
500,9786124284175,1,11
500,9786124284229,1,3
500,9786124290190,1,2
500,9786124290244,1,2
500,9786124290268,1,2
500,9786124290381,1,4
500,9786124290411,1,5
500,9786124290466,1,8
500,9786124290602,1,6
500,9786124290640,1,3
500,9786124290695,1,2
500,9786124290718,1,9
500,9786124290794,1,10
500,9786124290800,1,1
500,9786124290817,1,3
500,9786124290879,1,1
500,9786124305085,1,1
500,9786124305719,1,3
500,9786124305801,1,2
500,9786124326059,1,1
500,9786124327247,1,3
500,9786124327278,1,2
500,9786124327339,1,17
500,9786124327391,1,16
500,9786124327421,1,5
500,9786124336010,1,1
500,9786124346040,1,1
500,9786124346194,1,1
500,9786124346453,1,2
500,9786124346491,1,2
500,9786124346576,1,4
500,9786124346644,1,4
500,9786124346996,1,2
500,9786124349201,1,4
500,9786124349355,1,2
500,9786124349669,1,1
500,9786124349935,1,1
500,9786124349942,1,3
500,9786124350191,1,6
500,9786124350382,1,1
500,9786124350412,1,1
500,9786124350436,1,2
500,9786124350450,1,2
500,9786124350467,1,2
500,9786124350474,1,2
500,9786124350481,1,3
500,9786124379482,1,2
500,9786124379611,1,3
500,9786124379659,1,2
500,9786124379673,1,2
500,9786124379680,1,2
500,9786124404047,1,2
500,9786124404214,1,1
500,9786124404245,1,11
500,9786124404276,1,4
500,9786124404290,1,3
500,9786124404313,1,9
500,9786124404337,1,3
500,9786124404351,1,2
500,9786124404382,1,1
500,9786124404405,1,3
500,9786124406188,1,2
500,9786124414008,1,2
500,9786124414015,1,2
500,9786124414053,1,3
500,9786124414060,1,4
500,9786124414077,1,7
500,9786124414114,1,3
500,9786124414121,1,2
500,9786124414138,1,4
500,9786124414176,1,10
500,9786124414190,1,5
500,9786124414213,1,8
500,9786124414237,1,7
500,9786124414244,1,7
500,9786124414251,1,9
500,9786124416279,1,1
500,9786124424854,1,5
500,9786124426124,1,3
500,9786124426551,1,4
500,9786124431364,1,1
500,9786124431371,1,3
500,9786124431524,1,2
500,9786124431579,1,1
500,9786124431883,1,2
500,9786124442025,1,1
500,9786124442070,1,6
500,9786124442230,1,5
500,9786124442285,1,5
500,9786124442377,1,3
500,9786124442391,1,2
500,9786124442483,1,1
500,9786124442506,1,1
500,9786124442513,1,7
500,9786124442520,1,3
500,9786124442551,1,4
500,9786124442575,1,2
500,9786124442582,1,5
500,9786124442599,1,18
500,9786124442605,1,4
500,9786124442612,1,14
500,9786124450105,1,1
500,9786124450297,1,3
500,9786124450303,1,1
500,9786124450372,1,2
500,9786124461002,1,1
500,9786124461033,1,1
500,9786124461057,1,3
500,9786124461071,1,4
500,9786124461095,1,16
500,9786124461132,1,8
500,9786124461156,1,1
500,9786124461163,1,6
500,9786124461170,0,0
500,9786124461187,1,6
500,9786124463068,1,2
500,9786124463174,1,19
500,9786124463228,1,3
500,9786124463273,1,2
500,9786124463303,1,5
500,9786124463372,1,2
500,9786124463440,1,1
500,9786124463495,1,13
500,9786124467660,1,1
500,9786124468148,1,6
500,9786124497025,1,1
500,9786124497032,1,5
500,9786124497049,1,3
500,9786124497056,1,3
500,9786124497063,1,3
500,9786124497087,1,5
500,9786124498022,1,4
500,9786124498039,1,6
500,9786124498046,1,8
500,9786124498053,1,14
500,9786124498060,1,13
500,9786124498077,1,17
500,9786124502262,1,2
500,9786124502293,1,1
500,9786124580970,1,4
500,9786124659461,1,2
500,9786124662454,1,4
500,9786124676819,1,2
500,9786124689178,1,3
500,9786124694660,1,2
500,9786124699344,1,2
500,9786124699375,1,1
500,9786124699399,1,1
500,9786124700712,1,3
500,9786124719042,1,2
500,9786124719073,1,3
500,9786124719264,1,2
500,9786124738012,1,2
500,9786124747915,1,1
500,978-612-47491-0-0,1,1
500,9786124758188,1,4
500,9786124758195,1,7
500,9786124758751,1,2
500,9786124766404,1,1
500,9786124766718,1,3
500,9786124771989,1,2
500,9786124772252,1,12
500,9786124772405,1,1
500,9786124776625,1,5
500,9786124776632,1,6
500,9786124776915,1,2
500,9786124777387,1,1
500,9786124779534,1,10
500,9786124779565,1,27
500,9786124779572,1,2
500,9786124779589,1,14
500,9786124779596,1,18
500,9786124781155,1,1
500,9786124788871,1,9
500,9786124788888,1,2
500,9786124803956,1,5
500,9786124805646,1,5
500,9786124814037,1,4
500,9786124818806,1,2
500,9786124821318,1,6
500,9786124824791,1,1
500,9786124825118,1,3
500,9786124825439,1,1
500,9786124825491,1,2
500,9786124833625,1,1
500,9786124833649,1,1
500,9786124835056,1,21
500,9786124835063,1,2
500,9786124835070,1,16
500,9786124835391,1,2
500,9786124838347,1,1
500,9786124839603,1,1
500,9786124839610,1,1
500,9786124844553,1,4
500,9786124854507,1,2
500,9786124856648,1,7
500,9786124858505,1,1
500,9786124858543,1,4
500,9786124858567,1,1
500,9786124858581,1,5
500,9786124858604,1,1
500,9786124858642,1,4
500,9786124858680,1,7
500,9786124858697,1,1
500,9786124858703,1,8
500,9786124858727,1,1
500,9786124858734,1,3
500,9786124858741,1,11
500,9786124858758,1,11
500,9786124859120,1,1
500,9786124862106,1,1
500,9786124864018,1,2
500,9786124864087,1,1
500,9786124864094,1,1
500,9786124864308,1,1
500,9786124866500,1,6
500,9786124866821,1,3
500,9786124878046,1,1
500,9786124878053,1,2
500,9786124878800,1,1
500,9786124883705,1,1
500,9786124883712,1,3
500,9786124883729,1,2
500,9786124883750,1,3
500,9786124883774,1,6
500,9786124885181,1,2
500,9786124888205,1,8
500,9786124888212,1,12
500,9786124888236,1,2
500,9786124888250,1,4
500,9786124888281,1,1
500,9786124889509,1,1
500,9786124889523,1,1
500,9786124889530,1,1
500,9786124894404,1,4
500,9786124894411,1,2
500,9786124894428,1,1
500,9786124894435,1,2
500,9786124894442,1,2
500,9786124894459,1,12
500,9786124894466,1,1
500,9786124894473,1,1
500,9786124896507,1,1
500,9786124896606,1,45
500,9786124896613,1,17
500,9786124897108,1,2
500,9786124897801,1,5
500,9786124897818,1,1
500,9786124897825,1,1
500,9786124897832,1,1
500,9786124898303,1,2
500,9786124904004,1,12
500,9786124904301,1,4
500,9786124908408,1,3
500,9786125020253,1,1
500,9786125020277,1,4
500,9786125020321,1,7
500,9786125020345,1,4
500,9786125020413,1,2
500,9786125020444,1,5
500,9786125020468,1,1
500,9786125027115,1,8
500,9786125027122,1,1
500,9786125027139,1,2
500,9786125027146,1,4
500,9786125027177,1,2
500,9786125027184,1,15
500,9786125027269,1,4
500,9786125030009,1,1
500,9786125030054,1,2
500,9786125030061,1,1
500,9786125037053,1,8
500,9786125037084,1,4
500,9786125037091,1,3
500,9786125037107,1,11
500,9786125037145,1,5
500,9786125037169,1,6
500,9786125038043,1,1
500,9786125038159,1,1
500,9786125044105,1,3
500,9786125044167,1,2
500,9786125054012,0,0
500,9786125054067,1,4
500,9786125054128,1,2
500,9786125054135,1,8
500,9786125054203,1,3
500,9786125054234,1,4
500,9786125054241,1,1
500,9786125054258,1,2
500,9786125054302,1,14
500,9786125054326,1,1
500,9786125059031,1,1
500,9786125060068,1,11
500,9786125060099,1,12
500,9786125060136,1,5
500,9786125060143,1,3
500,9786125060150,1,3
500,9786125060167,1,1
500,9786125060174,1,4
500,9786125060204,1,5
500,9786125060501,1,3
500,9786125060518,1,3
500,9786125068040,1,4
500,9786125083012,1,1
500,9786125083043,1,4
500,9786125083050,1,1
500,9786280001104,1,2
500,9786280001227,1,2
500,9786280001234,1,5
500,9786280001258,1,2
500,9786280001289,1,2
500,9786280001319,1,1
500,9786280001616,1,2
500,9786280001623,1,3
500,9786280001630,1,3
500,9786280001661,1,4
500,9786280002286,1,1
500,9786280002316,1,3
500,9786280002446,1,5
500,9786280002460,1,3
500,9786280002781,1,1
500,9786280003115,1,7
500,9786280003153,1,4
500,9786280003283,1,3
500,9786280003320,1,4
500,9786280003665,1,4
500,9786280003719,1,1
500,9786280003757,1,1
500,9786287568211,1,1
500,9786287568419,1,4
500,9786287568488,1,3
500,9786287568693,1,9
500,9786287575028,1,9
500,9786287576018,1,3
500,9786287583009,1,11
500,9786287583023,1,1
500,9786287583047,1,1
500,9786287583061,1,6
500,9788401024771,1,2
500,9788401025518,1,1
500,9788401026256,1,1
500,9788401027581,1,1
500,9788408070832,1,1
500,9788408128366,1,5
500,9788408128373,1,3
500,9788408147794,1,3
500,9788408147800,1,1
500,9788408158080,1,3
500,9788408167167,1,1
500,9788408169338,1,6
500,9788408173229,1,3
500,9788408180906,1,2
500,9788408186892,1,5
500,9788408195986,1,1
500,9788408197768,1,1
500,9788408206484,1,6
500,9788408210054,1,2
500,9788408212942,1,4
500,9788408216308,1,1
500,9788408222804,1,4
500,9788408224235,1,2
500,9788408229711,1,3
500,9788408230915,1,1
500,9788408235309,1,1
500,9788408240648,1,2
500,9788408241737,1,2
500,9788408243274,1,5
500,9788408246404,1,1
500,9788408253693,1,1
500,9788408254157,1,1
500,9788408254874,1,3
500,9788411121170,1,2
500,9788411125727,1,2
500,9788411274135,1,13
500,9788411310000,1,2
500,9788411310321,1,1
500,9788411311595,1,1
500,9788411312035,1,2
500,9788411480628,1,1
500,9788412028805,1,6
500,9788412028829,1,5
500,9788412028843,1,4
500,9788412189568,1,3
500,9788412318968,1,6
500,9788412336597,1,1
500,9788412492606,1,3
500,9788412492644,1,7
500,9788413142807,1,3
500,9788413142814,1,1
500,9788413143583,1,1
500,9788413143590,1,3
500,9788413143606,1,2
500,9788413144238,1,2
500,9788413144764,1,3
500,9788413144986,1,2
500,9788413145037,1,1
500,9788413145082,1,3
500,9788413145372,1,1
500,9788413145389,1,1
500,9788413145396,1,1
500,9788413145402,1,1
500,9788413145419,1,1
500,9788413341484,1,2
500,9788413342757,1,2
500,9788413621937,1,6
500,9788413622132,1,8
500,9788413624204,1,1
500,9788413628400,1,7
500,9788413843988,1,1
500,9788414035184,1,2
500,9788414036693,1,2
500,9788414036815,1,5
500,9788414040089,1,1
500,9788414040768,1,2
500,9788414040805,1,5
500,9788414040829,1,1
500,9788414040843,1,2
500,9788414041222,1,1
500,9788414041697,1,2
500,9788414041703,1,2
500,9788414315880,1,1
500,9788415717454,1,1
500,9788415732440,1,1
500,9788415943150,1,4
500,9788415943211,1,5
500,9788415943396,1,6
500,9788415943471,1,1
500,9788416076284,1,2
500,9788416117406,1,1
500,9788416117956,1,2
500,9788416192113,1,1
500,9788416222810,1,1
500,9788416237395,1,2
500,9788416327720,1,1
500,9788416327812,1,2
500,9788416327867,1,1
500,9788416327881,1,3
500,9788416327898,1,1
500,9788416344123,1,2
500,9788416344192,1,1
500,9788416344239,1,1
500,9788416517404,1,2
500,9788416517473,1,1
500,9788416517640,1,1
500,9788416517749,1,2
500,9788416517763,1,2
500,9788416517787,1,3
500,9788416622658,1,2
500,9788416622764,1,1
500,9788416622771,1,2
500,9788416622818,1,2
500,9788416622825,1,1
500,9788416648627,1,1
500,9788416712144,1,2
500,9788416720033,1,1
500,9788416720583,1,2
500,9788416720897,1,1
500,9788416750580,1,1
500,9788416750757,1,3
500,9788416776573,1,2
500,9788416788873,1,1
500,9788416805549,1,4
500,9788416858248,1,1
500,9788416858781,1,2
500,9788416858804,1,1
500,9788416883981,1,1
500,9788416997022,1,1
500,9788416997091,1,3
500,9788416997251,1,1
500,9788417057855,1,1
500,9788417099527,1,1
500,9788417179854,1,2
500,9788417222314,1,1
500,9788417347277,1,3
500,9788417347628,1,3
500,9788417347741,1,3
500,9788417390624,1,11
500,9788417390631,1,9
500,9788417421342,1,2
500,9788417421359,1,1
500,9788417421373,1,1
500,9788417421434,1,1
500,9788417421472,1,1
500,9788417421519,1,1
500,9788417421618,1,1
500,9788417421762,1,1
500,9788417460488,1,2
500,9788417547479,1,1
500,9788417547561,1,2
500,9788417547653,1,2
500,9788417552831,1,1
500,9788417605902,1,7
500,9788417694081,1,3
500,9788417694333,1,1
500,9788417694340,1,1
500,9788417694371,1,1
500,9788417694401,1,1
500,9788417694456,1,1
500,9788417694531,1,5
500,9788417742096,1,1
500,9788417742102,1,3
500,9788417821043,1,1
500,9788417821722,1,2
500,9788417826338,1,8
500,9788417826345,1,2
500,9788417826369,1,1
500,9788417826376,1,7
500,9788417835118,1,1
500,9788417835132,1,1
500,9788417835439,1,1
500,9788417854157,1,2
500,9788417854348,1,2
500,9788417854430,1,1
500,9788417854461,1,2
500,9788417880309,1,1
500,9788417880521,1,1
500,9788417922771,1,2
500,9788417954444,1,1
500,9788417954604,1,1
500,9788417963446,0,0
500,9788417963552,1,8
500,9788417968182,1,1
500,9788417971427,1,3
500,9788417992477,1,1
500,9788417992491,1,1
500,9788418002496,1,1
500,9788418002502,1,5
500,9788418002519,1,2
500,9788418006364,1,2
500,9788418013935,1,2
500,9788418027529,1,19
500,9788418027536,1,6
500,9788418037191,1,3
500,9788418037498,1,2
500,9788418037757,1,2
500,9788418038198,1,2
500,9788418040115,1,1
500,9788418052927,1,1
500,9788418055263,1,2
500,9788418061813,1,1
500,9788418172199,1,1
500,9788418173783,1,1
500,9788418174292,1,1
500,9788418174391,1,1
500,9788418174605,1,4
500,9788418174636,1,1
500,9788418174728,1,7
500,9788418271083,1,1
500,9788418279058,1,3
500,9788418318894,1,1
500,9788418345036,1,1
500,9788418345463,1,1
500,9788418346835,1,1
500,9788418359781,1,1
500,9788418359798,1,1
500,9788418359804,1,2
500,9788418359811,1,3
500,9788418359828,1,8
500,9788418359835,1,5
500,9788418359859,1,3
500,9788418524042,1,3
500,9788418557958,1,1
500,9788418562778,1,1
500,9788418578380,1,3
500,9788418578885,1,3
500,9788418594588,1,1
500,9788418594786,1,1
500,9788418623233,1,1
500,9788418623240,1,1
500,9788418623257,1,1
500,9788418623264,1,1
500,9788418637018,1,10
500,9788418637056,1,7
500,9788418637919,1,5
500,9788418637940,1,9
500,9788418637957,1,7
500,9788418637964,1,5
500,9788418637971,1,4
500,9788418645785,1,1
500,9788418648472,1,2
500,9788418709166,1,2
500,9788418712050,1,1
500,9788418712104,1,1
500,9788418712142,0,0
500,9788418751134,1,2
500,9788418757020,1,2
500,9788418757518,1,1
500,9788418797026,1,1
500,9788418797033,1,3
500,9788418797040,1,1
500,9788418797125,1,4
500,9788418797279,1,2
500,9788418797620,1,6
500,9788418798429,1,2
500,9788418798481,1,5
500,9788418817182,1,1
500,9788418817458,1,1
500,9788418837500,1,3
500,9788418837852,1,1
500,9788418850202,1,1
500,9788418850448,1,3
500,9788418850912,1,1
500,9788418870545,1,2
500,9788418870965,1,2
500,9788418897436,1,1
500,9788418915390,1,1
500,9788418945182,1,13
500,9788418945342,1,1
500,9788418945403,1,19
500,9788418952227,1,2
500,9788418952432,1,1
500,9788418952623,1,1
500,9788418952753,1,1
500,9788418952838,1,1
500,9788418965005,1,1
500,9788418965029,1,1
500,9788418965074,1,1
500,9788418965142,1,2
500,9788419085481,1,2
500,9788419085542,1,1
500,9788419085733,1,5
500,9788419096296,1,1
500,9788419169617,1,3
500,9788419241009,1,2
500,9788419266026,1,1
500,9788419266217,1,1
500,9788419266262,1,1
500,9788419266286,1,1
500,9788419266293,1,4
500,9788419306616,1,1
500,9788419419187,1,4
500,9788420440248,1,2
500,9788420440996,1,1
500,9788420452463,1,1
500,9788420459455,1,2
500,9788420460611,1,4
500,9788420460673,1,1
500,9788420460932,1,2
500,9788423351008,1,1
500,9788423352883,1,1
500,9788425355165,1,1
500,9788425357725,1,3
500,9788425358500,1,1
500,9788425358548,1,1
500,9788425358562,1,3
500,9788425360299,1,1
500,9788425360503,1,1
500,9788425361524,1,2
500,9788426352415,1,3
500,9788426403384,1,3
500,9788426407771,1,2
500,9788426411112,1,2
500,9788426481207,1,2
500,9788427200692,1,1
500,9788427203204,1,1
500,9788427204164,1,6
500,9788427204638,1,2
500,9788427209459,1,1
500,9788427209718,1,2
500,9788427209824,1,5
500,9788427210844,1,3
500,9788427211261,1,2
500,9788427212589,1,4
500,9788427213098,1,3
500,9788427213128,1,1
500,9788427213418,1,1
500,9788427214941,1,5
500,9788427223615,1,1
500,9788427299870,1,2
500,9788433959669,1,3
500,9788433980847,1,2
500,9788434413528,1,1
500,9788439732471,1,4
500,9788439736387,1,2
500,9788445005903,1,1
500,9788445007709,1,3
500,9788445008546,1,1
500,9788445009604,1,2
500,9788445011119,1,1
500,9788445012789,1,4
500,9788445012796,1,4
500,9788448847876,1,3
500,9788448850982,1,4
500,9788448853044,1,2
500,9788448855239,1,2
500,9788448855246,1,3
500,9788448859824,1,2
500,9788448860752,1,6
500,9788448861100,1,2
500,9788448861124,1,2
500,9788461716098,1,5
500,9788466216128,1,3
500,9788466228541,1,1
500,9788466238366,1,3
500,9788466238434,1,4
500,9788466238458,0,0
500,9788466239455,1,4
500,9788466240444,1,4
500,9788466240611,1,4
500,9788466240628,1,3
500,9788466240642,1,2
500,9788466240703,1,1
500,9788466240727,1,2
500,9788466240741,1,7
500,9788466240796,1,1
500,9788466240802,1,3
500,9788466241069,1,5
500,9788466241076,1,7
500,9788466241311,1,2
500,9788466241328,1,4
500,9788466241359,1,4
500,9788466241366,1,13
500,9788466241458,1,6
500,9788466241465,1,3
500,9788466241472,1,6
500,9788466241489,1,5
500,9788466241533,1,6
500,9788466241540,1,4
500,9788466241823,1,2
500,9788466241830,1,5
500,9788466241847,1,3
500,9788466241854,1,1
500,9788466241878,1,2
500,9788466241922,1,2
500,9788466242073,1,5
500,9788466242080,1,5
500,9788466329378,1,1
500,9788466338813,1,4
500,9788466339537,1,3
500,9788466341929,1,2
500,9788466343756,1,2
500,9788466346498,1,3
500,9788466349833,1,3
500,9788466349864,1,2
500,9788466356749,1,2
500,9788466357470,1,2
500,9788466359276,1,3
500,9788466359375,1,7
500,9788466360319,1,1
500,9788466360692,1,4
500,9788466360715,1,1
500,9788466360746,1,1
500,9788466360944,1,5
500,9788466361026,1,1
500,9788466361095,1,2
500,9788466362344,1,1
500,9788466362399,1,4
500,9788466362740,1,1
500,9788466655866,1,4
500,9788466658355,1,3
500,9788466658362,1,3
500,9788466658843,1,2
500,9788466659840,1,3
500,9788466663069,1,2
500,9788466670791,1,1
500,9788466671422,1,2
500,9788467043709,1,2
500,9788467052510,1,2
500,9788467941913,1,1
500,9788468340661,1,1
500,9788468343792,1,3
500,9788468346960,1,3
500,9788468346984,1,3
500,9788479538132,1,1
500,9788479538828,1,3
500,9788479539375,1,2
500,9788483566565,1,1
500,9788483932940,1,3
500,9788483933145,1,1
500,9788483933237,1,1
500,9788484414247,1,2
500,9788490437995,1,15
500,9788490628720,1,2
500,9788490628768,1,1
500,9788490669402,1,1
500,9788490704585,1,1
500,9788490705827,1,3
500,9788491014454,1,5
500,9788491055303,1,1
500,9788491055914,1,2
500,9788491110194,1,1
500,9788491110408,1,1
500,9788491111825,1,4
500,9788491113126,1,1
500,9788491114369,1,1
500,9788491114581,1,1
500,9788491115021,1,2
500,9788491115656,1,2
500,9788491115731,1,1
500,9788491115939,1,1
500,9788491116073,1,1
500,9788491116080,1,1
500,9788491116097,1,1
500,9788491116394,1,1
500,9788491116400,1,3
500,9788491116479,1,1
500,9788491116738,1,1
500,9788491116745,1,1
500,9788491116783,1,1
500,9788491116882,1,2
500,9788491116929,1,2
500,9788491118060,1,3
500,9788491118091,1,1
500,9788491118138,1,1
500,9788491118152,1,1
500,9788491118169,1,1
500,9788491118206,1,1
500,9788491118213,1,3
500,9788491118282,1,2
500,9788491118374,1,1
500,9788491118381,1,1
500,9788491118404,1,1
500,9788491118527,1,2
500,9788491118701,1,2
500,9788491118749,1,1
500,9788491118909,1,1
500,9788491294818,1,2
500,9788491296171,1,1
500,9788491296386,1,3
500,9788491393887,1,1
500,9788491394150,1,1
500,9788491394174,1,1
500,9788491396475,1,2
500,9788491421627,1,1
500,9788491424260,1,2
500,9788491455165,1,1
500,9788491455196,1,1
500,9788491455288,1,4
500,9788491455394,1,1
500,9788491455431,1,1
500,9788491455530,1,1
500,9788491455547,1,1
500,9788491455554,1,1
500,9788491455585,1,1
500,9788491455592,1,1
500,9788491455714,1,1
500,9788491455738,1,1
500,9788491455806,1,1
500,9788491455844,1,1
500,9788491455851,1,1
500,9788491455868,1,2
500,9788491456001,1,2
500,9788491736820,1,1
500,9788491737995,0,0
500,9788491814122,1,3
500,9788492917051,1,5
500,9788492918164,1,1
500,9788492918539,1,1
500,9788492918652,1,5
500,9788492921881,1,2
500,9788493696191,1,1
500,9788494446801,1,2
500,9788494504235,1,11
500,9788494681516,1,15
500,9788494778681,1,2
500,9788494821493,1,2
500,9788496829091,1,1
500,9788496886827,1,6
500,9788496940000,1,2
500,9788497594349,1,1
500,9788497772754,1,1
500,9788497774185,1,1
500,9788497775762,1,1
500,9788497776202,1,5
500,9788497776394,1,1
500,9788497776639,1,3
500,9788497777933,1,1
500,9788497778282,1,1
500,9788497944632,1,1
500,9788497944663,1,1
500,9788497944700,1,4
500,9788497944717,1,1
500,9788497944731,1,6
500,9788497944779,1,1
500,9788497944816,1,1
500,9788497945172,1,1
500,9788497945226,1,2
500,9788497945363,1,2
500,9788497945370,1,1
500,9788498385243,1,1
500,9788498387094,1,2
500,9788498387650,1,2
500,9788498387940,1,8
500,9788498389449,1,2
500,9788498389494,1,2
500,9788498389548,1,3
500,9788498389715,1,3
500,9788498389937,1,2
500,9788498453157,1,2
500,9788498891058,1,3
500,9788499083209,1,1
500,9788499086514,1,4
500,9788499134222,1,1
500,9788499134246,1,1
500,9788499134253,1,1
500,9788499134260,1,1
500,9788499899800,1,2
500,9789500767767,1,14
500,9789502815053,1,1
500,9789506446420,1,3
500,9789563500967,1,2
500,9789566145073,1,1
500,9789569532344,1,3
500,9789569957086,1,12
500,9789569957093,1,13
500,9789569957109,1,12
500,9789569957116,1,7
500,9789569957123,1,11
500,9789569957130,1,6
500,9789569957147,1,4
500,9789569957154,1,6
500,9789569957161,1,12
500,9789584238597,1,9
500,9789584254726,1,1
500,9789584255198,1,1
500,9789584267313,1,1
500,9789584269492,1,4
500,9789584275158,1,5
500,9789584276186,1,2
500,9789584276407,1,1
500,9789584276599,1,6
500,9789584277428,1,2
500,9789584277923,1,2
500,9789584284136,1,3
500,9789584284938,1,1
500,9789584284969,1,1
500,9789584285249,1,1
500,9789584285300,1,6
500,9789584286024,1,1
500,9789584287076,1,3
500,9789584289186,1,2
500,9789584289971,1,2
500,9789584290427,1,1
500,9789584291134,1,6
500,9789584291233,1,3
500,9789584292636,1,2
500,9789584292735,1,3
500,9789584293749,1,2
500,9789584293817,1,1
500,9789584294081,1,2
500,9789584296351,1,7
500,9789584297464,1,1
500,9789584297877,1,3
500,9789584297884,1,2
500,9789584297976,1,3
500,9789584297983,1,1
500,9789584297990,1,2
500,9789584298041,1,2
500,9789584298096,1,4
500,9789584299222,1,1
500,9789584299482,1,1
500,9789584299536,1,1
500,9789803690878,1,1
500,9789806114098,1,2
500,9789871138036,1,1
500,9789871138821,1,1
500,9789871713332,1,2
500,9789871997480,1,1
500,9789871997565,1,2
500,9789871997619,1,4
500,9789873677533,1,5
500,9789873752131,1,2
500,9789873820977,1,1
500,9789874086266,1,2
500,9789874924285,1,2
500,9789874924698,1,2
500,9789874924773,1,3
500,9789874924810,1,2
500,9789874924858,1,4
500,9789874924872,1,3
500,9789874924896,1,2
500,9789874924995,1,9
500,9789875664647,1,2
500,9789876125659,1,2
500,9789876373944,1,1
500,9789877252040,1,1
500,9789877253467,1,2
500,9789877253702,1,4
500,9789877254396,1,2
500,9789877254587,1,3
500,9789877254600,1,2
500,9789877254624,1,1
500,9789877254747,1,3
500,9789877254785,1,2
500,9789877254921,1,1
500,9789877363074,1,2
500,9789877363432,1,4
500,9789877370829,1,1
500,9789877382983,1,2
500,9789877383386,1,4
500,9789877386127,1,4
500,9789877388602,1,1
500,9789877388619,1,1
500,9789877388640,1,1
500,9789877388862,1,8
500,9789877388879,1,2
500,9789877388893,1,5
500,9789877389746,1,14
500,9789877389975,1,5
500,9789877391695,1,5
500,9789877391831,1,2
500,9789877475173,1,4
500,9789877475876,1,12
500,9789877476583,1,6
500,9789877476972,1,5
500,9789877477009,1,1
500,9789877477474,1,3
500,9789877478242,1,7
500,9789877478433,1,2
500,9789877478518,1,3
500,9789877478792,1,17
500,9789877519181,1,2
500,9789877690972,1,2
500,9789877692020,1,1
500,9789877692037,1,2
500,9789877692044,1,1
500,9789877692334,1,3
500,9789877801101,1,7
500,9789877802627,1,2
500,9789877802849,1,1
500,9789877802894,1,3
500,9789877802924,1,1
500,9789877950465,1,2
500,9789877971248,1,1
500,9789877974508,1,4
500,9789877975918,1,1
500,9789877975932,1,3
500,9789877975949,1,2
500,9789877975994,1,2
500,9789877976014,1,1
500,9789878001005,1,2
500,9789878120041,1,2
500,9789878120072,1,1
500,9789878120089,1,2
500,9789878120164,1,6
500,9789878120171,1,1
500,9789878120188,1,1
500,9789878120195,1,1
500,9789878120201,1,3
500,9789878120218,1,6
500,9789878120232,1,9
500,9789878120249,1,2
500,9789878120256,1,1
500,9789878120324,1,1
500,9789878120348,1,1
500,9789878120362,1,5
500,9789878120386,1,4
500,9789878120393,1,7
500,9789878120447,1,6
500,9789878120638,1,3
500,9789878120713,1,1
500,9789878120782,1,3
500,9789878120805,1,2
500,9789878120812,1,3
500,9789878120874,1,2
500,9789878120881,1,2
500,9789878120935,1,3
500,9789878443195,1,1
500,9789878453200,1,1
500,9789878453217,1,1
500,9789878453224,1,1
500,9789878453231,1,3
500,9789878940144,1,2
500,9789878940205,1,4
500,9789878940212,1,3
500,9789878940274,1,3
500,9789915651170,1,2
500,9789942982230,1,3
500,9789942982254,1,2
500,9789972455889,1,1
500,9789972514395,1,2
500,9789972514869,1,2
500,9789972516399,1,3
500,9789974885158,1,4
500,9789974885165,1,2
500,9789974885172,1,5
500,9789974885189,1,3
500,9789974894709,1,3
500,9789974894716,1,3
500,9789974894723,1,4
500,9789974904224,1,5
500,9789974904231,1,5
500,9789974904248,1,5
500,9789974904927,1,3
500,9798671358506,1,4
500,9871138148,1,13
500,987-1138-71-7,1,2
500,987-20609-5-9,1,1
500,9972-40-126-0,1,7
500,9972-40-127-8,1,5
